{
  "id": "wfrp4e-mutations",
  "title": "WFRP4e - The Mutant's Handbook",
  "version": "1.0.1",
  "compatibility": {
    "minimum": "12",
    "verified": "12.331"
  },
  "relationships": {
    "systems": [
      {
        "id": "wfrp4e",
        "type": "system",
        "compatibility": {
            "minimum": "8.0.2",
            "verified": "8.5.1"
          }
      }
    ]
  },
  "authors": [
    {
      "name": "artantares",
      "url": "https://github.com/artptz",
      "discord": "artantares"
    },
    {
      "name": "Anders Hellspong",
      "discord": "hellspong"
    }
  ],
  "esmodules": [
      "/scripts/mutation-messages.mjs",
      "/scripts/functions.mjs"
  ],
  "packs": [
    {
      "name": "items",
      "label": "Items (Mutations)",
      "path": "packs/items",
      "type": "Item",
      "ownership": {
        "PLAYER": "OBSERVER",
        "ASSISTANT": "OWNER"
      },
      "system": "wfrp4e",
      "flags": {}
    },
    {
      "name": "journal",
      "label": "Journal Entries (Mutations)",
      "path": "packs/journal",
      "type": "JournalEntry",
      "ownership": {
        "PLAYER": "OBSERVER",
        "ASSISTANT": "OWNER"
      },
      "system": "wfrp4e",
      "flags": {}
    },
    {
      "name": "macros",
      "label": "Macros (Mutations)",
      "path": "packs/macros",
      "type": "Macro",
      "ownership": {
        "PLAYER": "OBSERVER",
        "ASSISTANT": "OWNER"
      },
      "system": "wfrp4e",
      "flags": {}
    },
    {
      "name": "rolltables",
      "label": "Tables (Mutations)",
      "path": "packs/rolltables",
      "type": "RollTable",
      "ownership": {
        "PLAYER": "OBSERVER",
        "ASSISTANT": "OWNER"
      },
      "system": "wfrp4e",
      "flags": {}
    }
  ],
  "packFolders": [
    {
      "name": "Mutant's Handbook",
      "sorting": "m",
      "packs": ["items","journal","rolltables","macros"],
      "color":  "#21c493"
    }
  ],
  "manifest":"https://raw.githubusercontent.com/artptz/wfrp4e-mutations/main/module.json",
  "download": "https://github.com/artptz/wfrp4e-mutations/archive/main.zip"
}
